[
  {
    "id": "d0eb31ba-9bd6-4567-bc07-e7e77571d7d7",
    "data": [
      {
        "text": "are there any toy recalls on ",
        "userDefined": false
      },
      {
        "text": "banana",
        "alias": "SearchTerm",
        "meta": "@sys.any",
        "userDefined": true
      }
    ],
    "isTemplate": false,
    "count": 0,
    "updated": 1543865520
  },
  {
    "id": "7d8073fe-440c-4a3f-a036-724e86afebc7",
    "data": [
      {
        "text": "are there any toy recalls on ",
        "userDefined": false
      },
      {
        "text": "train sets",
        "alias": "SearchTerm",
        "meta": "@sys.any",
        "userDefined": true
      }
    ],
    "isTemplate": false,
    "count": 0,
    "updated": 1543865520
  },
  {
    "id": "3bf587bf-da2d-4f51-a8a6-85ea8030a971",
    "data": [
      {
        "text": "Search for ",
        "userDefined": false
      },
      {
        "text": "hamburger",
        "alias": "SearchTerm",
        "meta": "@sys.any",
        "userDefined": true
      },
      {
        "text": " recalls",
        "userDefined": false
      }
    ],
    "isTemplate": false,
    "count": 0,
    "updated": 1543863723
  },
  {
    "id": "a128b8e0-c144-414e-8ff7-017a8a635e88",
    "data": [
      {
        "text": "can you search for ",
        "userDefined": false
      },
      {
        "text": "lettuce",
        "alias": "SearchTerm",
        "meta": "@sys.any",
        "userDefined": true
      },
      {
        "text": " recalls",
        "userDefined": false
      }
    ],
    "isTemplate": false,
    "count": 0,
    "updated": 1543863723
  },
  {
    "id": "d97beb56-2018-4d9c-9390-6102d2ced1a7",
    "data": [
      {
        "text": "search for ",
        "userDefined": false
      },
      {
        "text": "chicken",
        "alias": "SearchTerm",
        "meta": "@sys.any",
        "userDefined": true
      },
      {
        "text": " recalls",
        "userDefined": false
      }
    ],
    "isTemplate": false,
    "count": 0,
    "updated": 1543863723
  },
  {
    "id": "2121f643-a905-4d01-929b-8fce8ab58142",
    "data": [
      {
        "text": "Search for ",
        "userDefined": false
      },
      {
        "text": "chicken",
        "alias": "SearchTerm",
        "meta": "@sys.any",
        "userDefined": true
      }
    ],
    "isTemplate": false,
    "count": 0,
    "updated": 1543862021
  },
  {
    "id": "61187774-e08a-4af1-aa3c-6e63bac692cc",
    "data": [
      {
        "text": "can you search for ",
        "userDefined": false
      },
      {
        "text": "lettuce",
        "alias": "SearchTerm",
        "meta": "@sys.any",
        "userDefined": false
      }
    ],
    "isTemplate": false,
    "count": 0,
    "updated": 0
  },
  {
    "id": "b330d568-d6fe-4760-9a04-adee3fb2b5a7",
    "data": [
      {
        "text": "specific please",
        "userDefined": false
      }
    ],
    "isTemplate": false,
    "count": 0,
    "updated": 1539889071
  },
  {
    "id": "f3c47348-ce75-4b19-83f1-2bae7fa37316",
    "data": [
      {
        "text": "specific recall",
        "userDefined": false
      }
    ],
    "isTemplate": false,
    "count": 0,
    "updated": 1539889071
  },
  {
    "id": "cce5a8d6-954a-436c-a43c-0dca8346f97c",
    "data": [
      {
        "text": "searching",
        "userDefined": false
      }
    ],
    "isTemplate": false,
    "count": 0,
    "updated": 1539889071
  },
  {
    "id": "2695103c-9b29-4a63-b7e6-4e541065b9e5",
    "data": [
      {
        "text": "search recalls",
        "userDefined": false
      }
    ],
    "isTemplate": false,
    "count": 0,
    "updated": 1539884409
  },
  {
    "id": "df2ba198-b701-4488-a2d2-04320a4f4d36",
    "data": [
      {
        "text": "Can I search for a Recall?",
        "userDefined": false
      }
    ],
    "isTemplate": false,
    "count": 0,
    "updated": 1539808914
  },
  {
    "id": "abd2a7f0-49db-4c67-a558-635493ae45cd",
    "data": [
      {
        "text": "Search",
        "meta": "@sys.ignore",
        "userDefined": true
      },
      {
        "text": " for ",
        "userDefined": false
      },
      {
        "text": "hamburger",
        "alias": "SearchTerm",
        "meta": "@sys.any",
        "userDefined": true
      }
    ],
    "isTemplate": false,
    "count": 0,
    "updated": 1539805662
  },
  {
    "id": "e33b6f10-a002-4014-91e6-7aa877f93d52",
    "data": [
      {
        "text": "Let me search for a recall",
        "userDefined": false
      }
    ],
    "isTemplate": false,
    "count": 0,
    "updated": 1539805662
  }
]