[
  {
    "id": "fbfc1c82-917c-4e06-9e53-94a1380ed3b2",
    "data": [
      {
        "text": "next",
        "userDefined": false
      }
    ],
    "isTemplate": false,
    "count": 0,
    "updated": 1542307096
  },
  {
    "id": "fad0bedd-68d7-438a-8ba6-8c4d27b53669",
    "data": [
      {
        "text": "sure",
        "userDefined": false
      }
    ],
    "isTemplate": false,
    "count": 2,
    "updated": 1542307096
  },
  {
    "id": "891fa8df-d1ea-44b5-a106-f2208440a5c4",
    "data": [
      {
        "text": "okay",
        "userDefined": false
      }
    ],
    "isTemplate": false,
    "count": 1,
    "updated": 1542307096
  },
  {
    "id": "97168ac8-c68d-4d9f-b47d-33ea1b9633f1",
    "data": [
      {
        "text": "sounds correct",
        "userDefined": false
      }
    ],
    "isTemplate": false,
    "count": 1,
    "updated": 1542307096
  },
  {
    "id": "2c46a4a0-f2c7-48de-b3bf-4edd5baee180",
    "data": [
      {
        "text": "that works",
        "userDefined": false
      }
    ],
    "isTemplate": false,
    "count": 0,
    "updated": 1542307096
  },
  {
    "id": "1105999b-0f33-4250-969e-7a254dc8670e",
    "data": [
      {
        "text": "yep that\u0027s ok",
        "userDefined": false
      }
    ],
    "isTemplate": false,
    "count": 0,
    "updated": 1542307096
  },
  {
    "id": "8d8e09b1-cc70-45fd-98fd-befb5732df14",
    "data": [
      {
        "text": "yes that\u0027s alright",
        "userDefined": false
      }
    ],
    "isTemplate": false,
    "count": 0,
    "updated": 1542307096
  },
  {
    "id": "2d3ff621-1f02-40c7-b018-aad94063a8f2",
    "data": [
      {
        "text": "I think so",
        "userDefined": false
      }
    ],
    "isTemplate": false,
    "count": 0,
    "updated": 1542307096
  },
  {
    "id": "4fb77712-976c-43b5-82c8-db30c105cfea",
    "data": [
      {
        "text": "sg",
        "userDefined": false
      }
    ],
    "isTemplate": false,
    "count": 0,
    "updated": 1542307096
  },
  {
    "id": "43c5de01-74e3-4481-a1ba-a7ad1fc0ee7e",
    "data": [
      {
        "text": "yes I agree",
        "userDefined": false
      }
    ],
    "isTemplate": false,
    "count": 1,
    "updated": 1542307096
  },
  {
    "id": "0d2f2c71-a2b2-44f3-8d87-2b246a07946b",
    "data": [
      {
        "text": "I don\u0027t mind",
        "userDefined": false
      }
    ],
    "isTemplate": false,
    "count": 3,
    "updated": 1531858999
  },
  {
    "id": "274b650e-9cb9-4449-a461-abee95cf8eef",
    "data": [
      {
        "text": "I agree",
        "userDefined": false
      }
    ],
    "isTemplate": false,
    "count": 2,
    "updated": 1539892734
  },
  {
    "id": "b70c0113-da8b-409f-a567-82d190219bc6",
    "data": [
      {
        "text": "yes I do",
        "userDefined": false
      }
    ],
    "isTemplate": false,
    "count": 0,
    "updated": 1539892734
  },
  {
    "id": "5d29614a-6019-4d13-b06a-56d10ca02b94",
    "data": [
      {
        "text": "for sure",
        "userDefined": false
      }
    ],
    "isTemplate": false,
    "count": 0,
    "updated": 1539892734
  },
  {
    "id": "752f7ac1-ea37-462c-9afc-317411972976",
    "data": [
      {
        "text": "ok",
        "userDefined": false
      }
    ],
    "isTemplate": false,
    "count": 1,
    "updated": 1539892734
  },
  {
    "id": "3ee0be13-27c3-4ace-801e-691d6b23ef75",
    "data": [
      {
        "text": "yes that\u0027s ok",
        "userDefined": false
      }
    ],
    "isTemplate": false,
    "count": 0,
    "updated": 1539892734
  },
  {
    "id": "d323a41c-2fdc-4ca3-bf00-56facb2cb9a9",
    "data": [
      {
        "text": "that one works",
        "userDefined": false
      }
    ],
    "isTemplate": false,
    "count": 0,
    "updated": 1539892734
  },
  {
    "id": "ac2b7606-1603-4f1c-aafa-223232b08da4",
    "data": [
      {
        "text": "yes you can do it",
        "userDefined": false
      }
    ],
    "isTemplate": false,
    "count": 0,
    "updated": 1539892734
  },
  {
    "id": "2d29c7fc-db22-4a92-90bd-d668f445e57e",
    "data": [
      {
        "text": "perfect",
        "userDefined": false
      }
    ],
    "isTemplate": false,
    "count": 0,
    "updated": 1539892734
  },
  {
    "id": "7ab80a87-8b36-40a0-a928-4d66a0a15760",
    "data": [
      {
        "text": "yes",
        "userDefined": false
      }
    ],
    "isTemplate": false,
    "count": 1,
    "updated": 1539892734
  },
  {
    "id": "a7fdb2c2-360d-45bb-ab17-a627dac8ef4a",
    "data": [
      {
        "text": "why not",
        "userDefined": false
      }
    ],
    "isTemplate": false,
    "count": 0,
    "updated": 1539892734
  },
  {
    "id": "59b7deb4-59b0-4a0a-b201-4af569897990",
    "data": [
      {
        "text": "of course",
        "userDefined": false
      }
    ],
    "isTemplate": false,
    "count": 0,
    "updated": 1539892734
  },
  {
    "id": "1945518e-a36d-4624-b8a7-d2c888f3c43f",
    "data": [
      {
        "text": "yep that\u0027s right",
        "userDefined": false
      }
    ],
    "isTemplate": false,
    "count": 1,
    "updated": 1539892734
  },
  {
    "id": "2506dbca-b7f4-4dce-bb03-63924d2584ed",
    "data": [
      {
        "text": "okay I will",
        "userDefined": false
      }
    ],
    "isTemplate": false,
    "count": 2,
    "updated": 1539892734
  },
  {
    "id": "2436e497-3a65-4800-a569-94d941b8b08a",
    "data": [
      {
        "text": "exactly",
        "userDefined": false
      }
    ],
    "isTemplate": false,
    "count": 1,
    "updated": 1539892734
  },
  {
    "id": "ca943355-12c7-4714-afbc-dd6e55ad142c",
    "data": [
      {
        "text": "sure why not",
        "userDefined": false
      }
    ],
    "isTemplate": false,
    "count": 0,
    "updated": 1539892734
  },
  {
    "id": "638aa081-33c0-454c-b29e-04617a5eb624",
    "data": [
      {
        "text": "absolutely",
        "userDefined": false
      }
    ],
    "isTemplate": false,
    "count": 1,
    "updated": 1539892734
  },
  {
    "id": "533b2296-8ba7-468d-b3f8-9bdb106ce986",
    "data": [
      {
        "text": "it\u0027s okay",
        "userDefined": false
      }
    ],
    "isTemplate": false,
    "count": 0,
    "updated": 1539892734
  },
  {
    "id": "5bfc5b87-e58b-4357-a2a3-ec73d986d742",
    "data": [
      {
        "text": "it\u0027s fine",
        "userDefined": false
      }
    ],
    "isTemplate": false,
    "count": 0,
    "updated": 1539892734
  },
  {
    "id": "a5792260-776d-40e1-9c81-636eb5f796a4",
    "data": [
      {
        "text": "go ahead",
        "userDefined": false
      }
    ],
    "isTemplate": false,
    "count": 1,
    "updated": 1539892734
  },
  {
    "id": "99f64e13-010a-4614-84ef-b2b681cb8f5e",
    "data": [
      {
        "text": "confirm",
        "userDefined": false
      }
    ],
    "isTemplate": false,
    "count": 1,
    "updated": 1539892734
  },
  {
    "id": "64004b61-a9a6-4726-a232-7b76bc353730",
    "data": [
      {
        "text": "sounds good",
        "userDefined": false
      }
    ],
    "isTemplate": false,
    "count": 0,
    "updated": 1539892734
  },
  {
    "id": "0b6eab4f-01b6-493f-a6d9-6f29cf41971f",
    "data": [
      {
        "text": "alright",
        "userDefined": false
      }
    ],
    "isTemplate": false,
    "count": 0,
    "updated": 1539892734
  },
  {
    "id": "3e75795c-e375-4214-8f52-9100c8685974",
    "data": [
      {
        "text": "yeah",
        "userDefined": false
      }
    ],
    "isTemplate": false,
    "count": 0,
    "updated": 1539892734
  },
  {
    "id": "0852325e-5552-49bf-9c63-634c66ec0283",
    "data": [
      {
        "text": "yup",
        "userDefined": false
      }
    ],
    "isTemplate": false,
    "count": 0,
    "updated": 1539892734
  },
  {
    "id": "830803ca-07e6-4baf-84ae-8835f0bad307",
    "data": [
      {
        "text": "yes please",
        "userDefined": false
      }
    ],
    "isTemplate": false,
    "count": 0,
    "updated": 1539892734
  },
  {
    "id": "177c6ed2-78d4-4821-a9ad-f9198470fd96",
    "data": [
      {
        "text": "do it",
        "userDefined": false
      }
    ],
    "isTemplate": false,
    "count": 1,
    "updated": 1539892734
  },
  {
    "id": "a79cd422-96fe-424b-a89f-97f10a0f34fa",
    "data": [
      {
        "text": "yes I can",
        "userDefined": false
      }
    ],
    "isTemplate": false,
    "count": 0,
    "updated": 1539892734
  },
  {
    "id": "3bde4093-8100-4980-b70b-0aea11a10318",
    "data": [
      {
        "text": "it looks perfect",
        "userDefined": false
      }
    ],
    "isTemplate": false,
    "count": 0,
    "updated": 1539892734
  },
  {
    "id": "41545aa2-37b2-41de-9aa0-2026568eee9b",
    "data": [
      {
        "text": "that\u0027s correct",
        "userDefined": false
      }
    ],
    "isTemplate": false,
    "count": 0,
    "updated": 1539892734
  },
  {
    "id": "9eb477ad-7ea0-479f-976c-b24b00e73cf9",
    "data": [
      {
        "text": "right",
        "userDefined": false
      }
    ],
    "isTemplate": false,
    "count": 0,
    "updated": 1539892734
  },
  {
    "id": "af4077ad-6813-43ed-844c-83caa5ee6982",
    "data": [
      {
        "text": "alright why not",
        "userDefined": false
      }
    ],
    "isTemplate": false,
    "count": 0,
    "updated": 1539892734
  },
  {
    "id": "9852219d-ebc2-4045-be56-95d2035c1ba0",
    "data": [
      {
        "text": "yep",
        "userDefined": false
      }
    ],
    "isTemplate": false,
    "count": 0,
    "updated": 1539892734
  }
]