[
  {
    "id": "1ec308c9-101c-4438-a0f7-fc94d27cf213",
    "data": [
      {
        "text": "ok",
        "userDefined": false
      }
    ],
    "isTemplate": false,
    "count": 0,
    "updated": 1542307693
  },
  {
    "id": "ac5eca60-4dbe-4982-bdfc-e0dcb6f0e7cf",
    "data": [
      {
        "text": "confirmer",
        "userDefined": false
      }
    ],
    "isTemplate": false,
    "count": 0,
    "updated": 1542307693
  },
  {
    "id": "55cb16aa-457d-48a5-aa21-3b0ddff65c43",
    "data": [
      {
        "text": "exactement",
        "userDefined": false
      }
    ],
    "isTemplate": false,
    "count": 1,
    "updated": 1542307693
  },
  {
    "id": "2f7eab50-1d3d-4462-bc12-5f408651c67e",
    "data": [
      {
        "text": "fais-le",
        "userDefined": false
      }
    ],
    "isTemplate": false,
    "count": 2,
    "updated": 1542307693
  },
  {
    "id": "6c63d194-7a29-45b3-a92f-2d235e7da206",
    "data": [
      {
        "text": "bien sûr",
        "userDefined": false
      }
    ],
    "isTemplate": false,
    "count": 1,
    "updated": 1542307693
  },
  {
    "id": "b794ed80-31b9-4b2f-a463-7bd6af1a4e35",
    "data": [
      {
        "text": "d\u0027accord",
        "userDefined": false
      }
    ],
    "isTemplate": false,
    "count": 2,
    "updated": 1542307693
  },
  {
    "id": "cbe8bca6-6d32-40af-8122-373edbf4333f",
    "data": [
      {
        "text": "c\u0027est correct",
        "userDefined": false
      }
    ],
    "isTemplate": false,
    "count": 0,
    "updated": 1542307693
  },
  {
    "id": "051fbba2-4427-4131-80e9-2258b55c9338",
    "data": [
      {
        "text": "je suis d\u0027accord",
        "userDefined": false
      }
    ],
    "isTemplate": false,
    "count": 0,
    "updated": 1542307693
  },
  {
    "id": "df5ec1a4-5426-4e38-95a0-4030f5ea47cc",
    "data": [
      {
        "text": "ça me va",
        "userDefined": false
      }
    ],
    "isTemplate": false,
    "count": 1,
    "updated": 1542307693
  },
  {
    "id": "277e1bbf-81a9-4e69-b4e9-9df633adf892",
    "data": [
      {
        "text": "oui",
        "userDefined": false
      }
    ],
    "isTemplate": false,
    "count": 1,
    "updated": 1539802255
  }
]