[
  {
    "id": "7bee6b19-554f-4bd0-abe7-0568b814983f",
    "data": [
      {
        "text": "next",
        "userDefined": false
      }
    ],
    "isTemplate": false,
    "count": 0,
    "updated": 1542307096
  },
  {
    "id": "c9358c09-cc2f-4f30-9f7f-61ee8758cf8a",
    "data": [
      {
        "text": "sure",
        "userDefined": false
      }
    ],
    "isTemplate": false,
    "count": 2,
    "updated": 1542307096
  },
  {
    "id": "9cf7180a-25a4-434d-9a3c-4e850ffd4679",
    "data": [
      {
        "text": "okay",
        "userDefined": false
      }
    ],
    "isTemplate": false,
    "count": 1,
    "updated": 1542307096
  },
  {
    "id": "bb89fe32-c733-479e-a1a0-63ef44542c63",
    "data": [
      {
        "text": "sounds correct",
        "userDefined": false
      }
    ],
    "isTemplate": false,
    "count": 1,
    "updated": 1542307096
  },
  {
    "id": "4c1f715e-3e9e-4543-9240-e75c84b7f0c0",
    "data": [
      {
        "text": "that works",
        "userDefined": false
      }
    ],
    "isTemplate": false,
    "count": 0,
    "updated": 1542307096
  },
  {
    "id": "0f562564-15f2-406f-867a-bb58e1f6c574",
    "data": [
      {
        "text": "yep that\u0027s ok",
        "userDefined": false
      }
    ],
    "isTemplate": false,
    "count": 0,
    "updated": 1542307096
  },
  {
    "id": "0c9bdfd8-9e4f-46a7-9d10-64a53a82b8da",
    "data": [
      {
        "text": "yes that\u0027s alright",
        "userDefined": false
      }
    ],
    "isTemplate": false,
    "count": 0,
    "updated": 1542307096
  },
  {
    "id": "784243cb-1667-4c04-b500-c254ccdeb785",
    "data": [
      {
        "text": "I think so",
        "userDefined": false
      }
    ],
    "isTemplate": false,
    "count": 0,
    "updated": 1542307096
  },
  {
    "id": "eb2a00da-c934-430a-90b2-b57f07ac065f",
    "data": [
      {
        "text": "sg",
        "userDefined": false
      }
    ],
    "isTemplate": false,
    "count": 0,
    "updated": 1542307096
  },
  {
    "id": "c8b936ae-80fe-431d-bc99-7d4855bffff6",
    "data": [
      {
        "text": "yes I agree",
        "userDefined": false
      }
    ],
    "isTemplate": false,
    "count": 1,
    "updated": 1542307096
  },
  {
    "id": "337f6fd1-af8b-4f20-b3da-5bc0ab271e29",
    "data": [
      {
        "text": "I don\u0027t mind",
        "userDefined": false
      }
    ],
    "isTemplate": false,
    "count": 3,
    "updated": 1531858999
  },
  {
    "id": "c962475b-a48e-43b5-80cf-78f55146bf6d",
    "data": [
      {
        "text": "I agree",
        "userDefined": false
      }
    ],
    "isTemplate": false,
    "count": 2,
    "updated": 1539892734
  },
  {
    "id": "f64310c3-10d4-4cce-a92e-5855c3f1caf8",
    "data": [
      {
        "text": "yes I do",
        "userDefined": false
      }
    ],
    "isTemplate": false,
    "count": 0,
    "updated": 1539892734
  },
  {
    "id": "939ed1b1-4eba-4ea0-856e-67f5b72dae7a",
    "data": [
      {
        "text": "for sure",
        "userDefined": false
      }
    ],
    "isTemplate": false,
    "count": 0,
    "updated": 1539892734
  },
  {
    "id": "0d7f81e7-05ea-410d-96b5-b608815bab9b",
    "data": [
      {
        "text": "ok",
        "userDefined": false
      }
    ],
    "isTemplate": false,
    "count": 1,
    "updated": 1539892734
  },
  {
    "id": "740ca342-f12c-4f7e-8dbf-d56efc6ea1b5",
    "data": [
      {
        "text": "yes that\u0027s ok",
        "userDefined": false
      }
    ],
    "isTemplate": false,
    "count": 0,
    "updated": 1539892734
  },
  {
    "id": "a5775c0b-cb5f-45e8-aed7-f303ced4d350",
    "data": [
      {
        "text": "that one works",
        "userDefined": false
      }
    ],
    "isTemplate": false,
    "count": 0,
    "updated": 1539892734
  },
  {
    "id": "961e69e2-b06c-47a7-8c54-a9e457af4e98",
    "data": [
      {
        "text": "yes you can do it",
        "userDefined": false
      }
    ],
    "isTemplate": false,
    "count": 0,
    "updated": 1539892734
  },
  {
    "id": "094bb467-a56d-45c9-a56d-30c5a53f9151",
    "data": [
      {
        "text": "perfect",
        "userDefined": false
      }
    ],
    "isTemplate": false,
    "count": 0,
    "updated": 1539892734
  },
  {
    "id": "d10ae700-f2f1-4031-8057-c221006c8d5e",
    "data": [
      {
        "text": "yes",
        "userDefined": false
      }
    ],
    "isTemplate": false,
    "count": 1,
    "updated": 1539892734
  },
  {
    "id": "5bbbfd11-c499-43e5-9b49-03ebfac99108",
    "data": [
      {
        "text": "why not",
        "userDefined": false
      }
    ],
    "isTemplate": false,
    "count": 0,
    "updated": 1539892734
  },
  {
    "id": "892e483d-5782-469b-a17d-22afcd5ea253",
    "data": [
      {
        "text": "of course",
        "userDefined": false
      }
    ],
    "isTemplate": false,
    "count": 0,
    "updated": 1539892734
  },
  {
    "id": "decbaf34-8f40-4ccf-b3fe-5aee64963c1d",
    "data": [
      {
        "text": "yep that\u0027s right",
        "userDefined": false
      }
    ],
    "isTemplate": false,
    "count": 1,
    "updated": 1539892734
  },
  {
    "id": "fa0362d2-09c0-4e2e-98d5-fb53092f8610",
    "data": [
      {
        "text": "okay I will",
        "userDefined": false
      }
    ],
    "isTemplate": false,
    "count": 2,
    "updated": 1539892734
  },
  {
    "id": "2b15e2af-53ec-4127-9833-30df32855cd9",
    "data": [
      {
        "text": "exactly",
        "userDefined": false
      }
    ],
    "isTemplate": false,
    "count": 1,
    "updated": 1539892734
  },
  {
    "id": "854eb39b-8d7f-422d-b87a-f2fb572c5bba",
    "data": [
      {
        "text": "sure why not",
        "userDefined": false
      }
    ],
    "isTemplate": false,
    "count": 0,
    "updated": 1539892734
  },
  {
    "id": "505d0f02-8fa3-46a3-840d-fd8e48d3ebdd",
    "data": [
      {
        "text": "absolutely",
        "userDefined": false
      }
    ],
    "isTemplate": false,
    "count": 1,
    "updated": 1539892734
  },
  {
    "id": "561c3942-17bc-48eb-a4bd-5047ba2e015e",
    "data": [
      {
        "text": "it\u0027s okay",
        "userDefined": false
      }
    ],
    "isTemplate": false,
    "count": 0,
    "updated": 1539892734
  },
  {
    "id": "52f24d74-97f2-4485-8120-254858488e7b",
    "data": [
      {
        "text": "it\u0027s fine",
        "userDefined": false
      }
    ],
    "isTemplate": false,
    "count": 0,
    "updated": 1539892734
  },
  {
    "id": "1089d083-f665-46c5-be5c-b33e3c0ba311",
    "data": [
      {
        "text": "go ahead",
        "userDefined": false
      }
    ],
    "isTemplate": false,
    "count": 1,
    "updated": 1539892734
  },
  {
    "id": "5a7c7c9e-0732-4945-8e8d-4b86ce5c5587",
    "data": [
      {
        "text": "confirm",
        "userDefined": false
      }
    ],
    "isTemplate": false,
    "count": 1,
    "updated": 1539892734
  },
  {
    "id": "58a31167-28cb-4f91-9836-5d7a59ace10b",
    "data": [
      {
        "text": "sounds good",
        "userDefined": false
      }
    ],
    "isTemplate": false,
    "count": 0,
    "updated": 1539892734
  },
  {
    "id": "716bcf66-1c10-4a63-add3-43dfe78bef41",
    "data": [
      {
        "text": "alright",
        "userDefined": false
      }
    ],
    "isTemplate": false,
    "count": 0,
    "updated": 1539892734
  },
  {
    "id": "2e706eb2-247b-49af-accf-65b13a66585a",
    "data": [
      {
        "text": "yeah",
        "userDefined": false
      }
    ],
    "isTemplate": false,
    "count": 0,
    "updated": 1539892734
  },
  {
    "id": "aa0ec8d6-8f53-442a-9e61-f42f8b56cce5",
    "data": [
      {
        "text": "yup",
        "userDefined": false
      }
    ],
    "isTemplate": false,
    "count": 0,
    "updated": 1539892734
  },
  {
    "id": "7c322b80-ba70-471f-aad0-29650acad1ca",
    "data": [
      {
        "text": "yes please",
        "userDefined": false
      }
    ],
    "isTemplate": false,
    "count": 0,
    "updated": 1539892734
  },
  {
    "id": "2d5cfa8f-9439-48ca-a242-c3321c030094",
    "data": [
      {
        "text": "do it",
        "userDefined": false
      }
    ],
    "isTemplate": false,
    "count": 1,
    "updated": 1539892734
  },
  {
    "id": "0b2f81b6-44cb-4fe4-aea0-d02555469b49",
    "data": [
      {
        "text": "yes I can",
        "userDefined": false
      }
    ],
    "isTemplate": false,
    "count": 0,
    "updated": 1539892734
  },
  {
    "id": "5a35952f-4457-4f17-93cc-4cb2aed63733",
    "data": [
      {
        "text": "it looks perfect",
        "userDefined": false
      }
    ],
    "isTemplate": false,
    "count": 0,
    "updated": 1539892734
  },
  {
    "id": "39bc47d5-04c1-4ce6-b378-81897269150f",
    "data": [
      {
        "text": "that\u0027s correct",
        "userDefined": false
      }
    ],
    "isTemplate": false,
    "count": 0,
    "updated": 1539892734
  },
  {
    "id": "273602c8-eb10-411a-a95c-07c8394c43c0",
    "data": [
      {
        "text": "right",
        "userDefined": false
      }
    ],
    "isTemplate": false,
    "count": 0,
    "updated": 1539892734
  },
  {
    "id": "439bab9e-d585-4f0e-aabf-b3990b6de81d",
    "data": [
      {
        "text": "alright why not",
        "userDefined": false
      }
    ],
    "isTemplate": false,
    "count": 0,
    "updated": 1539892734
  },
  {
    "id": "b5bf34c2-195d-433f-ab9e-919e3ea58537",
    "data": [
      {
        "text": "yep",
        "userDefined": false
      }
    ],
    "isTemplate": false,
    "count": 0,
    "updated": 1539892734
  }
]