[
  {
    "id": "daac6597-635d-4be4-accf-e65d42d018a2",
    "data": [
      {
        "text": "ne le fais pas",
        "userDefined": false
      }
    ],
    "isTemplate": false,
    "count": 1,
    "updated": 1548087724
  },
  {
    "id": "0eb04c8f-e628-47f7-84c9-f1d22171b603",
    "data": [
      {
        "text": "ça ne m\u0027intéresse pas",
        "userDefined": false
      }
    ],
    "isTemplate": false,
    "count": 0,
    "updated": 1548087724
  },
  {
    "id": "3e8519e9-80b8-40a5-8c79-933e61cda287",
    "data": [
      {
        "text": "je ne suis pas d\u0027accord",
        "userDefined": false
      }
    ],
    "isTemplate": false,
    "count": 1,
    "updated": 1548087724
  },
  {
    "id": "e806f9d7-2395-48be-8552-99cb72de0d07",
    "data": [
      {
        "text": "non",
        "userDefined": false
      }
    ],
    "isTemplate": false,
    "count": 3,
    "updated": 1548087724
  },
  {
    "id": "5c43bd8d-bc33-42e1-93ba-87811397bee9",
    "data": [
      {
        "text": "je ne crois pas",
        "userDefined": false
      }
    ],
    "isTemplate": false,
    "count": 2,
    "updated": 1548087724
  },
  {
    "id": "1a5959b4-0efb-4c25-8bf2-264600fd493d",
    "data": [
      {
        "text": "pas vraiment",
        "userDefined": false
      }
    ],
    "isTemplate": false,
    "count": 0,
    "updated": 1548087724
  },
  {
    "id": "466945c4-2ddc-41e7-8d00-6c4d5c6b07d8",
    "data": [
      {
        "text": "non merci",
        "userDefined": false
      }
    ],
    "isTemplate": false,
    "count": 2,
    "updated": 1548087724
  },
  {
    "id": "f917b8f2-0060-44e6-982b-46b1afc8e38b",
    "data": [
      {
        "text": "sûrement pas",
        "userDefined": false
      }
    ],
    "isTemplate": false,
    "count": 0,
    "updated": 1548087724
  },
  {
    "id": "c8cec89e-0a55-42df-b16c-9eac6a18dcf6",
    "data": [
      {
        "text": "je n\u0027en veux pas",
        "userDefined": false
      }
    ],
    "isTemplate": false,
    "count": 0,
    "updated": 1548087724
  }
]