[
  {
    "id": "41b103c9-0334-4c48-92b5-334b05abd349",
    "data": [
      {
        "text": "je cherche pour ",
        "userDefined": false
      },
      {
        "text": "poulet",
        "alias": "SearchTerm",
        "meta": "@sys.any",
        "userDefined": true
      }
    ],
    "isTemplate": false,
    "count": 0,
    "updated": 1542219882
  },
  {
    "id": "7f491753-c9af-47be-913a-594f8c4c895d",
    "data": [
      {
        "text": "cherche",
        "userDefined": false
      }
    ],
    "isTemplate": false,
    "count": 0,
    "updated": 1542219648
  }
]