[
  {
    "id": "3af81f48-d0fe-4b45-890a-2b49fe8e2623",
    "data": [
      {
        "text": "find ",
        "userDefined": false
      },
      {
        "text": "lettuce",
        "alias": "SearchTerm",
        "meta": "@sys.any",
        "userDefined": true
      }
    ],
    "isTemplate": false,
    "count": 0,
    "updated": 1547823646
  },
  {
    "id": "cc91a823-d858-4d87-8b8c-4c5831fde3b1",
    "data": [
      {
        "text": "search ",
        "userDefined": false
      },
      {
        "text": "lettuce",
        "alias": "SearchTerm",
        "meta": "@sys.any",
        "userDefined": true
      }
    ],
    "isTemplate": false,
    "count": 0,
    "updated": 1547823646
  },
  {
    "id": "d2f40df8-24c7-4d86-86d5-877a314fa743",
    "data": [
      {
        "text": "can you search for ",
        "userDefined": false
      },
      {
        "text": "lettuce",
        "alias": "SearchTerm",
        "meta": "@sys.any",
        "userDefined": false
      }
    ],
    "isTemplate": false,
    "count": 0,
    "updated": 1547823646
  },
  {
    "id": "2227ddce-9ce7-4a96-a2a4-f42a645662be",
    "data": [
      {
        "text": "specific please",
        "userDefined": false
      }
    ],
    "isTemplate": false,
    "count": 0,
    "updated": 1547823646
  },
  {
    "id": "35db0764-bca6-43bd-b043-4a5f44c1641e",
    "data": [
      {
        "text": "specific recall",
        "userDefined": false
      }
    ],
    "isTemplate": false,
    "count": 0,
    "updated": 1547823646
  },
  {
    "id": "74fb0a9e-2cdb-4016-a6b7-a9dd494cdb8f",
    "data": [
      {
        "text": "searching",
        "userDefined": false
      }
    ],
    "isTemplate": false,
    "count": 0,
    "updated": 1547823646
  },
  {
    "id": "eb838b46-39b8-4868-ab31-bb369213d605",
    "data": [
      {
        "text": "search recalls",
        "userDefined": false
      }
    ],
    "isTemplate": false,
    "count": 0,
    "updated": 1547823646
  },
  {
    "id": "de4a31d4-f935-48db-82ff-d5b6da5b67c8",
    "data": [
      {
        "text": "Can I search for ",
        "userDefined": false
      },
      {
        "text": "a Recall",
        "alias": "SearchTerm",
        "meta": "@sys.any",
        "userDefined": true
      },
      {
        "text": "?",
        "userDefined": false
      }
    ],
    "isTemplate": false,
    "count": 0,
    "updated": 1547823646
  },
  {
    "id": "dc5666b9-ba91-4ff6-853d-9c19bfaed208",
    "data": [
      {
        "text": "Search for ",
        "userDefined": false
      },
      {
        "text": "hamburger",
        "alias": "SearchTerm",
        "meta": "@sys.any",
        "userDefined": true
      }
    ],
    "isTemplate": false,
    "count": 0,
    "updated": 1547823646
  },
  {
    "id": "cc1ba342-4a50-42b1-87a9-1058c31d233c",
    "data": [
      {
        "text": "Let me search for a recall",
        "userDefined": false
      }
    ],
    "isTemplate": false,
    "count": 0,
    "updated": 1539805662
  }
]