[
  {
    "id": "685947aa-fbd4-4ef8-abcd-7907e3de5129",
    "data": [
      {
        "text": "répète, s\u0027il te plaît",
        "userDefined": false
      }
    ],
    "isTemplate": false,
    "count": 1,
    "updated": 1547842503
  },
  {
    "id": "94a3ceba-3915-4994-88aa-7f0fd370f431",
    "data": [
      {
        "text": "est-ce que tu peux répéter",
        "userDefined": false
      }
    ],
    "isTemplate": false,
    "count": 2,
    "updated": 1547842503
  },
  {
    "id": "7690dfef-cc29-4e1e-97c0-90ae314716bc",
    "data": [
      {
        "text": "répète ce que tu viens de dire",
        "userDefined": false
      }
    ],
    "isTemplate": false,
    "count": 0,
    "updated": 1547842503
  },
  {
    "id": "920aee99-ff8e-423b-aaea-cc49b083748e",
    "data": [
      {
        "text": "redis-moi",
        "userDefined": false
      }
    ],
    "isTemplate": false,
    "count": 2,
    "updated": 1547842503
  },
  {
    "id": "218510bf-4838-4cff-99b0-101f7fe1046c",
    "data": [
      {
        "text": "répète ça",
        "userDefined": false
      }
    ],
    "isTemplate": false,
    "count": 1,
    "updated": 1547842503
  },
  {
    "id": "b58f8739-f059-4806-a26c-45cbad5a3d6a",
    "data": [
      {
        "text": "recommence",
        "userDefined": false
      }
    ],
    "isTemplate": false,
    "count": 0,
    "updated": 1547842503
  },
  {
    "id": "de293019-0ca2-4d51-a4c9-446535a3853c",
    "data": [
      {
        "text": "peux-tu répéter",
        "userDefined": false
      }
    ],
    "isTemplate": false,
    "count": 0,
    "updated": 1547842503
  },
  {
    "id": "a7f9bea1-c8a4-48e3-8ffb-5ab2a0cd553e",
    "data": [
      {
        "text": "redis-le moi",
        "userDefined": false
      }
    ],
    "isTemplate": false,
    "count": 0,
    "updated": 1547842503
  },
  {
    "id": "9dcf3e81-66cd-44f6-ae02-5d35d1d77c9d",
    "data": [
      {
        "text": "répète",
        "userDefined": false
      }
    ],
    "isTemplate": false,
    "count": 1,
    "updated": 1547842503
  },
  {
    "id": "bfda932e-37c8-4e9c-8ddb-26a111951b6b",
    "data": [
      {
        "text": "répète la même chose",
        "userDefined": false
      }
    ],
    "isTemplate": false,
    "count": 0,
    "updated": 1547842503
  }
]