[
  {
    "id": "8fc7bf80-9da8-4a74-aa2f-9a4d4ef18197",
    "data": [
      {
        "text": "ok",
        "userDefined": false
      }
    ],
    "isTemplate": false,
    "count": 0,
    "updated": 1542307681
  },
  {
    "id": "e8d30909-2628-46fc-a32f-14cdfc547182",
    "data": [
      {
        "text": "je suis d\u0027accord",
        "userDefined": false
      }
    ],
    "isTemplate": false,
    "count": 0,
    "updated": 1542307681
  },
  {
    "id": "f1c07daa-6414-4ff4-a8d1-5871870f3762",
    "data": [
      {
        "text": "exactement",
        "userDefined": false
      }
    ],
    "isTemplate": false,
    "count": 1,
    "updated": 1542307681
  },
  {
    "id": "c272ca5b-6009-488f-be85-5ca4c25c8947",
    "data": [
      {
        "text": "oui",
        "userDefined": false
      }
    ],
    "isTemplate": false,
    "count": 1,
    "updated": 1542307681
  },
  {
    "id": "07f86c7e-4074-475c-a740-7f4a8a7dee45",
    "data": [
      {
        "text": "fais-le",
        "userDefined": false
      }
    ],
    "isTemplate": false,
    "count": 2,
    "updated": 1542307681
  },
  {
    "id": "b6264819-443e-4f27-baac-d161edb8733c",
    "data": [
      {
        "text": "c\u0027est correct",
        "userDefined": false
      }
    ],
    "isTemplate": false,
    "count": 0,
    "updated": 1542307681
  },
  {
    "id": "41c38c14-1245-4195-a063-704667615e99",
    "data": [
      {
        "text": "d\u0027accord",
        "userDefined": false
      }
    ],
    "isTemplate": false,
    "count": 2,
    "updated": 1542307681
  },
  {
    "id": "791fec0b-2a99-44a4-b11e-4d8d300fd684",
    "data": [
      {
        "text": "confirmer",
        "userDefined": false
      }
    ],
    "isTemplate": false,
    "count": 0,
    "updated": 1542307681
  },
  {
    "id": "320eb349-a9c7-48d7-83e4-3edc71b546db",
    "data": [
      {
        "text": "ça me va",
        "userDefined": false
      }
    ],
    "isTemplate": false,
    "count": 1,
    "updated": 1542307681
  },
  {
    "id": "1fa04aaa-bf29-4041-a30f-63e4725eb545",
    "data": [
      {
        "text": "bien sûr",
        "userDefined": false
      }
    ],
    "isTemplate": false,
    "count": 1,
    "updated": 1539289003
  }
]