[
  {
    "id": "1393a51d-e777-464d-8731-33fd8808bfc3",
    "data": [
      {
        "text": "pas vraiment",
        "userDefined": false
      }
    ],
    "isTemplate": false,
    "count": 0,
    "updated": 1539289019
  },
  {
    "id": "c6bb5119-6907-4f90-aaa2-370117fe4da5",
    "data": [
      {
        "text": "je ne suis pas d\u0027accord",
        "userDefined": false
      }
    ],
    "isTemplate": false,
    "count": 1,
    "updated": 1539289019
  },
  {
    "id": "16e96667-c9ea-4cad-9913-04fd222a4ee4",
    "data": [
      {
        "text": "je ne crois pas",
        "userDefined": false
      }
    ],
    "isTemplate": false,
    "count": 2,
    "updated": 1539289019
  },
  {
    "id": "4b07e394-c1ea-42b9-b42c-83deb175cc8f",
    "data": [
      {
        "text": "sûrement pas",
        "userDefined": false
      }
    ],
    "isTemplate": false,
    "count": 0,
    "updated": 1539289019
  },
  {
    "id": "86a45cc9-4065-4e75-90ae-cf093eed609d",
    "data": [
      {
        "text": "ne le fais pas",
        "userDefined": false
      }
    ],
    "isTemplate": false,
    "count": 1,
    "updated": 1539289019
  },
  {
    "id": "90c7f6d5-15a9-4933-b467-ef5259795f53",
    "data": [
      {
        "text": "non",
        "userDefined": false
      }
    ],
    "isTemplate": false,
    "count": 3,
    "updated": 1539289019
  },
  {
    "id": "85ab6f6e-7eca-4d00-a0fc-6dc12a006057",
    "data": [
      {
        "text": "je n\u0027en veux pas",
        "userDefined": false
      }
    ],
    "isTemplate": false,
    "count": 0,
    "updated": 1539289019
  },
  {
    "id": "e58d1e48-7ea3-4e50-a6b7-a3b07d6aecd3",
    "data": [
      {
        "text": "ça ne m\u0027intéresse pas",
        "userDefined": false
      }
    ],
    "isTemplate": false,
    "count": 0,
    "updated": 1539289019
  },
  {
    "id": "c63da453-63c0-43ec-99f6-6cae79b97802",
    "data": [
      {
        "text": "non merci",
        "userDefined": false
      }
    ],
    "isTemplate": false,
    "count": 2,
    "updated": 1539289019
  }
]