[
  {
    "id": "3e44c671-ad96-47c0-99a9-2fe020ce4865",
    "data": [
      {
        "text": "pas vraiment",
        "userDefined": false
      }
    ],
    "isTemplate": false,
    "count": 0,
    "updated": 1539285731
  },
  {
    "id": "2c748377-6eca-4e24-a56e-e127929bd788",
    "data": [
      {
        "text": "sûrement pas",
        "userDefined": false
      }
    ],
    "isTemplate": false,
    "count": 0,
    "updated": 1539285731
  },
  {
    "id": "6ebb08bf-c433-415d-8946-564a7b31bba0",
    "data": [
      {
        "text": "je ne suis pas d\u0027accord",
        "userDefined": false
      }
    ],
    "isTemplate": false,
    "count": 1,
    "updated": 1539285731
  },
  {
    "id": "8b8111cf-81a7-4afb-8a44-8a61b9ece696",
    "data": [
      {
        "text": "ne le fais pas",
        "userDefined": false
      }
    ],
    "isTemplate": false,
    "count": 1,
    "updated": 1539285731
  },
  {
    "id": "609455af-b0c1-4b2f-aeee-aae33dde261d",
    "data": [
      {
        "text": "je ne crois pas",
        "userDefined": false
      }
    ],
    "isTemplate": false,
    "count": 2,
    "updated": 1539285731
  },
  {
    "id": "f310cd68-950f-41fc-a3e0-f208c598ab07",
    "data": [
      {
        "text": "non merci",
        "userDefined": false
      }
    ],
    "isTemplate": false,
    "count": 2,
    "updated": 1539285731
  },
  {
    "id": "59d5b424-1158-413f-a900-4cbd9340e242",
    "data": [
      {
        "text": "je n\u0027en veux pas",
        "userDefined": false
      }
    ],
    "isTemplate": false,
    "count": 0,
    "updated": 1539285731
  },
  {
    "id": "64ae3686-a6a0-435e-a1f6-21368e959e3a",
    "data": [
      {
        "text": "non",
        "userDefined": false
      }
    ],
    "isTemplate": false,
    "count": 3,
    "updated": 1539285731
  },
  {
    "id": "34b01608-3d7e-4363-8c8d-2b5e6b89e80a",
    "data": [
      {
        "text": "ça ne m\u0027intéresse pas",
        "userDefined": false
      }
    ],
    "isTemplate": false,
    "count": 0,
    "updated": 1539285731
  }
]