[
  {
    "id": "8899e6f5-8632-4296-91cf-e9c95c3a6f46",
    "data": [
      {
        "text": "thanks but no",
        "userDefined": false
      }
    ],
    "isTemplate": false,
    "count": 0,
    "updated": 1531859391
  },
  {
    "id": "f631f776-fc80-448b-9288-930e33036b4c",
    "data": [
      {
        "text": "no no don\u0027t",
        "userDefined": false
      }
    ],
    "isTemplate": false,
    "count": 0,
    "updated": 1531859391
  },
  {
    "id": "6cb3375a-0c83-4100-b4d1-3af4c4ecc670",
    "data": [
      {
        "text": "no way no",
        "userDefined": false
      }
    ],
    "isTemplate": false,
    "count": 0,
    "updated": 1531859391
  },
  {
    "id": "1e5f2775-769b-4dbc-ab0e-1e8b66b75dd5",
    "data": [
      {
        "text": "nothing",
        "userDefined": false
      }
    ],
    "isTemplate": false,
    "count": 0,
    "updated": 1531859391
  },
  {
    "id": "79a974b8-d27a-4454-81cc-eb9b878ba34f",
    "data": [
      {
        "text": "don\u0027t",
        "userDefined": false
      }
    ],
    "isTemplate": false,
    "count": 0,
    "updated": 1531859391
  },
  {
    "id": "a067100e-67aa-4cca-9875-eed880610733",
    "data": [
      {
        "text": "na",
        "userDefined": false
      }
    ],
    "isTemplate": false,
    "count": 0,
    "updated": 1531859391
  },
  {
    "id": "00e29208-975a-4d32-989b-89d433f12d6c",
    "data": [
      {
        "text": "I can\u0027t",
        "userDefined": false
      }
    ],
    "isTemplate": false,
    "count": 0,
    "updated": 1531859391
  },
  {
    "id": "abd47a3e-5d9b-4335-94ad-3271bc7565c3",
    "data": [
      {
        "text": "no maybe next time",
        "userDefined": false
      }
    ],
    "isTemplate": false,
    "count": 0,
    "updated": 1531859391
  },
  {
    "id": "618c2d3e-a17a-4ae9-8308-ea7ac91d36a0",
    "data": [
      {
        "text": "not this time",
        "userDefined": false
      }
    ],
    "isTemplate": false,
    "count": 0,
    "updated": 1531859391
  },
  {
    "id": "27a16eb2-1921-4f7f-ad32-0754cf2a2713",
    "data": [
      {
        "text": "nothing else",
        "userDefined": false
      }
    ],
    "isTemplate": false,
    "count": 1,
    "updated": 1531859391
  },
  {
    "id": "3f82fb3a-5f8a-4073-abe5-dc6706539b1a",
    "data": [
      {
        "text": "never",
        "userDefined": false
      }
    ],
    "isTemplate": false,
    "count": 0,
    "updated": 1539893958
  },
  {
    "id": "7119c642-0ea2-417b-b2fb-bd860d42f758",
    "data": [
      {
        "text": "thanks but not this time",
        "userDefined": false
      }
    ],
    "isTemplate": false,
    "count": 1,
    "updated": 1539893958
  },
  {
    "id": "4563cc93-29dd-4494-9c03-dfcb780128c2",
    "data": [
      {
        "text": "no we are good",
        "userDefined": false
      }
    ],
    "isTemplate": false,
    "count": 0,
    "updated": 1539893958
  },
  {
    "id": "7dbb51a0-85ae-4211-b8aa-bbe84ee48504",
    "data": [
      {
        "text": "definitely not",
        "userDefined": false
      }
    ],
    "isTemplate": false,
    "count": 3,
    "updated": 1539893958
  },
  {
    "id": "b8d2cd8e-fa24-4f88-b276-533998f4081e",
    "data": [
      {
        "text": "no it isn\u0027t",
        "userDefined": false
      }
    ],
    "isTemplate": false,
    "count": 1,
    "updated": 1539893958
  },
  {
    "id": "02b52703-ab1b-4418-ae22-014893bf30d3",
    "data": [
      {
        "text": "no not really",
        "userDefined": false
      }
    ],
    "isTemplate": false,
    "count": 0,
    "updated": 1539893958
  },
  {
    "id": "8aa35642-faa8-4db1-9f16-64c51beeda9f",
    "data": [
      {
        "text": "not right now",
        "userDefined": false
      }
    ],
    "isTemplate": false,
    "count": 0,
    "updated": 1539893958
  },
  {
    "id": "4dd1b3e5-2570-4fd4-a514-9918c3e9cf8b",
    "data": [
      {
        "text": "I don\u0027t",
        "userDefined": false
      }
    ],
    "isTemplate": false,
    "count": 0,
    "updated": 1539893958
  },
  {
    "id": "a504d4f9-2688-4fbb-8fd6-2507a067b90a",
    "data": [
      {
        "text": "not ",
        "userDefined": false
      },
      {
        "text": "today",
        "meta": "@sys.ignore",
        "userDefined": false
      }
    ],
    "isTemplate": false,
    "count": 0,
    "updated": 1539893958
  },
  {
    "id": "90f18c9a-6b4c-4446-b7b3-b613cf515974",
    "data": [
      {
        "text": "nah I\u0027m good",
        "userDefined": false
      }
    ],
    "isTemplate": false,
    "count": 1,
    "updated": 1539893958
  },
  {
    "id": "f1243646-6f91-4d6d-9af5-2563faa918f3",
    "data": [
      {
        "text": "no way",
        "userDefined": false
      }
    ],
    "isTemplate": false,
    "count": 0,
    "updated": 1539893958
  },
  {
    "id": "e5541ca8-c7b7-455a-b6b2-7acaa1ab148e",
    "data": [
      {
        "text": "nope",
        "userDefined": false
      }
    ],
    "isTemplate": false,
    "count": 1,
    "updated": 1539893958
  },
  {
    "id": "1868b826-b982-41d0-bd65-fdbc4c0d763a",
    "data": [
      {
        "text": "no never",
        "userDefined": false
      }
    ],
    "isTemplate": false,
    "count": 0,
    "updated": 1539893958
  },
  {
    "id": "6b93e15d-7f97-49a9-a5c3-6034a567989b",
    "data": [
      {
        "text": "no don\u0027t",
        "userDefined": false
      }
    ],
    "isTemplate": false,
    "count": 0,
    "updated": 1539893958
  },
  {
    "id": "7501d3f4-db1d-488e-a79d-3667b0e690f8",
    "data": [
      {
        "text": "no that\u0027s okay",
        "userDefined": false
      }
    ],
    "isTemplate": false,
    "count": 0,
    "updated": 1539893958
  },
  {
    "id": "b2219221-baf8-441a-8c99-a3d363db3328",
    "data": [
      {
        "text": "no",
        "userDefined": false
      }
    ],
    "isTemplate": false,
    "count": 2,
    "updated": 1539893958
  },
  {
    "id": "0be2814d-ecce-422a-8455-d1cd00286834",
    "data": [
      {
        "text": "no I cannot",
        "userDefined": false
      }
    ],
    "isTemplate": false,
    "count": 1,
    "updated": 1539893958
  },
  {
    "id": "879de0c0-beb6-4378-8aa6-c9febbf19c0b",
    "data": [
      {
        "text": "not",
        "userDefined": false
      }
    ],
    "isTemplate": false,
    "count": 0,
    "updated": 1539893958
  },
  {
    "id": "24551405-50c4-433d-a73e-78dfe5486b2b",
    "data": [
      {
        "text": "nah",
        "userDefined": false
      }
    ],
    "isTemplate": false,
    "count": 2,
    "updated": 1539893958
  },
  {
    "id": "33c15eef-be3d-4a03-bd19-9a0d66b0ce03",
    "data": [
      {
        "text": "not interested",
        "userDefined": false
      }
    ],
    "isTemplate": false,
    "count": 0,
    "updated": 1539893958
  },
  {
    "id": "a7be287d-d35e-4ced-994a-e523e47942d9",
    "data": [
      {
        "text": "I don\u0027t think so",
        "userDefined": false
      }
    ],
    "isTemplate": false,
    "count": 1,
    "updated": 1539893958
  },
  {
    "id": "4dd85c47-e01f-4a68-9e83-0f4b6be3bf51",
    "data": [
      {
        "text": "no that\u0027s be all",
        "userDefined": false
      }
    ],
    "isTemplate": false,
    "count": 0,
    "updated": 1539893958
  },
  {
    "id": "d29307b0-4c39-4488-aef7-e94b0f8a8535",
    "data": [
      {
        "text": "nope not really",
        "userDefined": false
      }
    ],
    "isTemplate": false,
    "count": 0,
    "updated": 1539893958
  },
  {
    "id": "9fece63b-63b1-42fa-b248-5890784f1a74",
    "data": [
      {
        "text": "I disagree",
        "userDefined": false
      }
    ],
    "isTemplate": false,
    "count": 2,
    "updated": 1539893958
  },
  {
    "id": "8f3de827-504c-4366-aa50-64c1124e6879",
    "data": [
      {
        "text": "not at all",
        "userDefined": false
      }
    ],
    "isTemplate": false,
    "count": 0,
    "updated": 1539893958
  },
  {
    "id": "dfa76623-8fec-402e-a0bc-bb33609c5342",
    "data": [
      {
        "text": "don\u0027t do it",
        "userDefined": false
      }
    ],
    "isTemplate": false,
    "count": 3,
    "updated": 1539893958
  },
  {
    "id": "62ec4515-6415-4607-a726-e83aced42425",
    "data": [
      {
        "text": "nothing else thanks",
        "userDefined": false
      }
    ],
    "isTemplate": false,
    "count": 0,
    "updated": 1539893958
  },
  {
    "id": "e4a13e7a-d4f0-4361-9017-9451cad70206",
    "data": [
      {
        "text": "no that\u0027s ok",
        "userDefined": false
      }
    ],
    "isTemplate": false,
    "count": 1,
    "updated": 1539893958
  },
  {
    "id": "9227edc3-76f9-489e-a8d3-1d9b2f0ec513",
    "data": [
      {
        "text": "I\u0027m not",
        "userDefined": false
      }
    ],
    "isTemplate": false,
    "count": 3,
    "updated": 1539893958
  },
  {
    "id": "f0c316a8-af65-4726-bdf9-5dab7a02b317",
    "data": [
      {
        "text": "not really",
        "userDefined": false
      }
    ],
    "isTemplate": false,
    "count": 0,
    "updated": 1539893958
  },
  {
    "id": "ff7cb795-ad2e-47e9-ad85-1fa2aec9efd5",
    "data": [
      {
        "text": "no thanks",
        "userDefined": false
      }
    ],
    "isTemplate": false,
    "count": 0,
    "updated": 1539893958
  },
  {
    "id": "be3eb411-2505-4bd2-a46e-3a679b616d5d",
    "data": [
      {
        "text": "I don\u0027t want that",
        "userDefined": false
      }
    ],
    "isTemplate": false,
    "count": 0,
    "updated": 1539893958
  },
  {
    "id": "7a2f0cf3-6db7-41e6-97e5-cae6b602e173",
    "data": [
      {
        "text": "I don\u0027t want",
        "userDefined": false
      }
    ],
    "isTemplate": false,
    "count": 0,
    "updated": 1539893958
  },
  {
    "id": "ae434607-e2bb-489e-a97c-90e3d918ed7c",
    "data": [
      {
        "text": "no that\u0027s fine thank you",
        "userDefined": false
      }
    ],
    "isTemplate": false,
    "count": 0,
    "updated": 1539893958
  }
]