[
  {
    "id": "78eac693-f419-403a-a23f-f1ddf0f1fcd5",
    "data": [
      {
        "text": "répète, s\u0027il te plaît",
        "userDefined": false
      }
    ],
    "isTemplate": false,
    "count": 1,
    "updated": 1547822646
  },
  {
    "id": "b257bd23-5f8f-48c1-b0d7-95d7af33b7ee",
    "data": [
      {
        "text": "est-ce que tu peux répéter",
        "userDefined": false
      }
    ],
    "isTemplate": false,
    "count": 2,
    "updated": 1547822646
  },
  {
    "id": "32069c76-f761-4a63-a60d-9a9b9c753dc0",
    "data": [
      {
        "text": "répète ce que tu viens de dire",
        "userDefined": false
      }
    ],
    "isTemplate": false,
    "count": 0,
    "updated": 1547822646
  },
  {
    "id": "139d8704-3b27-49e4-af20-3c8d7194e6a7",
    "data": [
      {
        "text": "redis-moi",
        "userDefined": false
      }
    ],
    "isTemplate": false,
    "count": 2,
    "updated": 1547822646
  },
  {
    "id": "e8d6c199-0373-47f5-84cf-d5f9fa28c3f4",
    "data": [
      {
        "text": "répète ça",
        "userDefined": false
      }
    ],
    "isTemplate": false,
    "count": 1,
    "updated": 1547822646
  },
  {
    "id": "d325ed53-11b0-4392-87be-98d9bbd40164",
    "data": [
      {
        "text": "recommence",
        "userDefined": false
      }
    ],
    "isTemplate": false,
    "count": 0,
    "updated": 1547822646
  },
  {
    "id": "ff8c78fd-2296-44b0-b37f-357346762de2",
    "data": [
      {
        "text": "peux-tu répéter",
        "userDefined": false
      }
    ],
    "isTemplate": false,
    "count": 0,
    "updated": 1547822646
  },
  {
    "id": "5435e586-90e8-410b-b0ec-4729a54449c8",
    "data": [
      {
        "text": "redis-le moi",
        "userDefined": false
      }
    ],
    "isTemplate": false,
    "count": 0,
    "updated": 1547822646
  },
  {
    "id": "644a8138-a910-438f-b41c-7a9328131384",
    "data": [
      {
        "text": "répète",
        "userDefined": false
      }
    ],
    "isTemplate": false,
    "count": 1,
    "updated": 1547822646
  },
  {
    "id": "3d0a814a-eab3-4b95-910b-efd7ca789769",
    "data": [
      {
        "text": "répète la même chose",
        "userDefined": false
      }
    ],
    "isTemplate": false,
    "count": 0,
    "updated": 1547822646
  }
]