[
  {
    "id": "639286be-7609-4127-8030-f47161ba54e3",
    "data": [
      {
        "text": "find latest recalls",
        "userDefined": false
      }
    ],
    "isTemplate": false,
    "count": 0,
    "updated": 1548088423
  },
  {
    "id": "30e01f53-e92d-4251-a4ce-16ce9b333f12",
    "data": [
      {
        "text": "get me recent recalls",
        "userDefined": false
      }
    ],
    "isTemplate": false,
    "count": 0,
    "updated": 1548088423
  },
  {
    "id": "8acb0e1f-7e55-4792-8285-1b237e223125",
    "data": [
      {
        "text": "find recent recalls",
        "userDefined": false
      }
    ],
    "isTemplate": false,
    "count": 0,
    "updated": 1548088423
  },
  {
    "id": "7d266322-2ffa-47d0-9bcb-b7013273cfda",
    "data": [
      {
        "text": "Every single one",
        "userDefined": false
      }
    ],
    "isTemplate": false,
    "count": 0,
    "updated": 1547823716
  },
  {
    "id": "ecdc6060-9844-4280-b845-f592c699c50d",
    "data": [
      {
        "text": "Most recent recalls",
        "userDefined": false
      }
    ],
    "isTemplate": false,
    "count": 0,
    "updated": 1547823716
  },
  {
    "id": "88b5066c-1c0b-4075-85d1-17e55943873b",
    "data": [
      {
        "text": "All Recalls",
        "userDefined": false
      }
    ],
    "isTemplate": false,
    "count": 0,
    "updated": 1547823716
  },
  {
    "id": "0c8001bc-ca55-4aaf-bef9-2098ba07c049",
    "data": [
      {
        "text": "Recent Recalls",
        "userDefined": false
      }
    ],
    "isTemplate": false,
    "count": 0,
    "updated": 1547823716
  },
  {
    "id": "c815fdcb-6720-4d5a-b440-ddd08e1fa97e",
    "data": [
      {
        "text": "Latest Recall",
        "userDefined": false
      }
    ],
    "isTemplate": false,
    "count": 0,
    "updated": 1547823716
  },
  {
    "id": "3387ce23-852d-4462-8346-543e876a59b3",
    "data": [
      {
        "text": "Recent",
        "userDefined": false
      }
    ],
    "isTemplate": false,
    "count": 0,
    "updated": 1547823716
  },
  {
    "id": "7ae088a7-3284-403f-83d5-f0f64f6ea77a",
    "data": [
      {
        "text": "All",
        "userDefined": false
      }
    ],
    "isTemplate": false,
    "count": 0,
    "updated": 1547823716
  },
  {
    "id": "fae618c2-ca39-48ae-b5b9-b1e5007708c7",
    "data": [
      {
        "text": "Latest",
        "userDefined": false
      }
    ],
    "isTemplate": false,
    "count": 0,
    "updated": 1547823716
  },
  {
    "id": "4881ae0a-6df7-454a-b858-8de849c1cc67",
    "data": [
      {
        "text": "Let me hear the latest",
        "userDefined": false
      }
    ],
    "isTemplate": false,
    "count": 0,
    "updated": 1547823716
  }
]