[
  {
    "id": "11cb04be-bf2f-46ba-a1ba-2122c40e7639",
    "data": [
      {
        "text": "pas vraiment",
        "userDefined": false
      }
    ],
    "isTemplate": false,
    "count": 0,
    "updated": 1539289019
  },
  {
    "id": "7a30eb0c-a033-4e4d-af7b-415a468c3046",
    "data": [
      {
        "text": "ne le fais pas",
        "userDefined": false
      }
    ],
    "isTemplate": false,
    "count": 1,
    "updated": 1539289019
  },
  {
    "id": "a3699d7e-5271-4f4c-b3b1-dd4a93e6d3c8",
    "data": [
      {
        "text": "je n\u0027en veux pas",
        "userDefined": false
      }
    ],
    "isTemplate": false,
    "count": 0,
    "updated": 1539289019
  },
  {
    "id": "fed656ee-a8e7-43a1-b840-d6c06f4f4c8a",
    "data": [
      {
        "text": "je ne crois pas",
        "userDefined": false
      }
    ],
    "isTemplate": false,
    "count": 2,
    "updated": 1539289019
  },
  {
    "id": "d670591f-aaa6-403c-8e2e-ecbc34816789",
    "data": [
      {
        "text": "je ne suis pas d\u0027accord",
        "userDefined": false
      }
    ],
    "isTemplate": false,
    "count": 1,
    "updated": 1539289019
  },
  {
    "id": "137679d8-fd85-481b-87ae-75c370725fb6",
    "data": [
      {
        "text": "non merci",
        "userDefined": false
      }
    ],
    "isTemplate": false,
    "count": 2,
    "updated": 1539289019
  },
  {
    "id": "9db5b739-9c5f-4ffe-a347-56f8d5d1c834",
    "data": [
      {
        "text": "ça ne m\u0027intéresse pas",
        "userDefined": false
      }
    ],
    "isTemplate": false,
    "count": 0,
    "updated": 1539289019
  },
  {
    "id": "dfb45d6c-1b39-4a5a-a99c-517c0a08789f",
    "data": [
      {
        "text": "non",
        "userDefined": false
      }
    ],
    "isTemplate": false,
    "count": 3,
    "updated": 1539289019
  },
  {
    "id": "561b0b15-358b-4b14-b303-f47933db7b21",
    "data": [
      {
        "text": "sûrement pas",
        "userDefined": false
      }
    ],
    "isTemplate": false,
    "count": 0,
    "updated": 1539289019
  }
]