[
  {
    "id": "c96ddbc2-a431-48cf-ad28-6dbe45deda40",
    "data": [
      {
        "text": "category",
        "userDefined": false
      }
    ],
    "isTemplate": false,
    "count": 0,
    "updated": 1542308788
  },
  {
    "id": "8c309fed-73f7-4013-80cb-38c88c2b9885",
    "data": [
      {
        "text": "by category",
        "userDefined": false
      }
    ],
    "isTemplate": false,
    "count": 0,
    "updated": 1542308788
  },
  {
    "id": "28d16a42-ab77-4c09-8540-fbf69bd1d0b8",
    "data": [
      {
        "text": "recalls by category",
        "userDefined": false
      }
    ],
    "isTemplate": false,
    "count": 0,
    "updated": 1542308788
  },
  {
    "id": "9a178bb1-e4b6-40f7-8df3-8e8b95a135ac",
    "data": [
      {
        "text": "recent recalls by category",
        "userDefined": false
      }
    ],
    "isTemplate": false,
    "count": 0,
    "updated": 1542308788
  },
  {
    "id": "39704830-a6b7-4787-add9-def896eb31da",
    "data": [
      {
        "text": "Could I hear recent recalls",
        "userDefined": false
      }
    ],
    "isTemplate": false,
    "count": 0,
    "updated": 1539883722
  },
  {
    "id": "0f50f1dc-59ec-4a1d-81c8-7d63ad2e22fa",
    "data": [
      {
        "text": "Can I get recent recalls",
        "userDefined": false
      }
    ],
    "isTemplate": false,
    "count": 0,
    "updated": 1539883722
  },
  {
    "id": "b4b682c2-a970-4ecf-acf1-622b1c6adc6e",
    "data": [
      {
        "text": "recent recalls please",
        "userDefined": false
      }
    ],
    "isTemplate": false,
    "count": 0,
    "updated": 1539883722
  },
  {
    "id": "45dc052a-96e5-4769-852b-2fc7b834243c",
    "data": [
      {
        "text": "recent please",
        "userDefined": false
      }
    ],
    "isTemplate": false,
    "count": 0,
    "updated": 1539883722
  },
  {
    "id": "aeda6fb5-84db-4d9b-976c-fae119395471",
    "data": [
      {
        "text": "recent ones",
        "userDefined": false
      }
    ],
    "isTemplate": false,
    "count": 0,
    "updated": 1539197943
  },
  {
    "id": "73e19380-3879-4e50-9028-d84b62061b1c",
    "data": [
      {
        "text": "recent recalls",
        "userDefined": false
      }
    ],
    "isTemplate": false,
    "count": 0,
    "updated": 1539197943
  },
  {
    "id": "de461fcc-ab23-4bfc-92b3-d64994a892e1",
    "data": [
      {
        "text": "Hear about recent",
        "userDefined": false
      }
    ],
    "isTemplate": false,
    "count": 0,
    "updated": 1539268398
  },
  {
    "id": "50cadcb9-1eca-4ae7-8e0b-4a2d40000346",
    "data": [
      {
        "text": "Let me hear about recent recalls",
        "userDefined": false
      }
    ],
    "isTemplate": false,
    "count": 0,
    "updated": 1539197943
  },
  {
    "id": "9d3c7b3b-3e25-4a9a-9bf3-33453b182e13",
    "data": [
      {
        "text": "recent",
        "userDefined": false
      }
    ],
    "isTemplate": false,
    "count": 0,
    "updated": 1539197943
  }
]