[
  {
    "id": "203e772c-9c58-492c-a393-a130f1ca3823",
    "data": [
      {
        "text": "ok",
        "userDefined": false
      }
    ],
    "isTemplate": false,
    "count": 0,
    "updated": 1542307681
  },
  {
    "id": "5d00f450-bb25-4a31-b144-67ffe3447d20",
    "data": [
      {
        "text": "je suis d\u0027accord",
        "userDefined": false
      }
    ],
    "isTemplate": false,
    "count": 0,
    "updated": 1542307681
  },
  {
    "id": "1f1e1feb-3d3f-4de0-87b5-ce9145c027ab",
    "data": [
      {
        "text": "exactement",
        "userDefined": false
      }
    ],
    "isTemplate": false,
    "count": 1,
    "updated": 1542307681
  },
  {
    "id": "bb8c7de8-8a9f-4251-aba8-272fd3c55ed6",
    "data": [
      {
        "text": "oui",
        "userDefined": false
      }
    ],
    "isTemplate": false,
    "count": 1,
    "updated": 1542307681
  },
  {
    "id": "68b7c064-8beb-45b2-8f31-42cf217e69d3",
    "data": [
      {
        "text": "fais-le",
        "userDefined": false
      }
    ],
    "isTemplate": false,
    "count": 2,
    "updated": 1542307681
  },
  {
    "id": "3ec8af0e-a5cf-4436-940d-7bf1e5852bb3",
    "data": [
      {
        "text": "c\u0027est correct",
        "userDefined": false
      }
    ],
    "isTemplate": false,
    "count": 0,
    "updated": 1542307681
  },
  {
    "id": "5a821cf0-a398-42b3-b0de-ff5d8ba29346",
    "data": [
      {
        "text": "d\u0027accord",
        "userDefined": false
      }
    ],
    "isTemplate": false,
    "count": 2,
    "updated": 1542307681
  },
  {
    "id": "ca68b0e4-ea03-4d4c-8150-d7f0d48fbc2a",
    "data": [
      {
        "text": "confirmer",
        "userDefined": false
      }
    ],
    "isTemplate": false,
    "count": 0,
    "updated": 1542307681
  },
  {
    "id": "9577ee54-5f16-4160-84a3-26ed6f049c5b",
    "data": [
      {
        "text": "ça me va",
        "userDefined": false
      }
    ],
    "isTemplate": false,
    "count": 1,
    "updated": 1542307681
  },
  {
    "id": "bf3cc1eb-9805-4fdc-81ac-3386590e5833",
    "data": [
      {
        "text": "bien sûr",
        "userDefined": false
      }
    ],
    "isTemplate": false,
    "count": 1,
    "updated": 1539289003
  }
]