[
  {
    "id": "ef475244-8a9e-427d-b107-617405923527",
    "data": [
      {
        "text": "non merci",
        "userDefined": false
      }
    ],
    "isTemplate": false,
    "count": 2,
    "updated": 1539285731
  },
  {
    "id": "52ce0148-b106-4a97-8bff-6a8525d91039",
    "data": [
      {
        "text": "ne le fais pas",
        "userDefined": false
      }
    ],
    "isTemplate": false,
    "count": 1,
    "updated": 1539285731
  },
  {
    "id": "11280034-d419-48d4-9a97-8fffc971eaea",
    "data": [
      {
        "text": "je n\u0027en veux pas",
        "userDefined": false
      }
    ],
    "isTemplate": false,
    "count": 0,
    "updated": 1539285731
  },
  {
    "id": "0f3d7fcf-fdae-495e-97ed-eec6ac686339",
    "data": [
      {
        "text": "je ne suis pas d\u0027accord",
        "userDefined": false
      }
    ],
    "isTemplate": false,
    "count": 1,
    "updated": 1539285731
  },
  {
    "id": "bc21a0fc-86fa-4675-bdd6-acc5d7fd83cd",
    "data": [
      {
        "text": "pas vraiment",
        "userDefined": false
      }
    ],
    "isTemplate": false,
    "count": 0,
    "updated": 1539285731
  },
  {
    "id": "f03099c5-5a8e-4e81-a70d-0c9a7b417495",
    "data": [
      {
        "text": "ça ne m\u0027intéresse pas",
        "userDefined": false
      }
    ],
    "isTemplate": false,
    "count": 0,
    "updated": 1539285731
  },
  {
    "id": "cbf63e00-4ffe-4710-b541-a82210816b33",
    "data": [
      {
        "text": "sûrement pas",
        "userDefined": false
      }
    ],
    "isTemplate": false,
    "count": 0,
    "updated": 1539285731
  },
  {
    "id": "7f80e16a-1c5d-4842-88e2-2d4f39535c65",
    "data": [
      {
        "text": "je ne crois pas",
        "userDefined": false
      }
    ],
    "isTemplate": false,
    "count": 2,
    "updated": 1539285731
  },
  {
    "id": "6ac6f1f1-1aaa-4a08-88d9-821f8bd212ee",
    "data": [
      {
        "text": "non",
        "userDefined": false
      }
    ],
    "isTemplate": false,
    "count": 3,
    "updated": 1539285731
  }
]