[
  {
    "id": "09a4c383-58cf-4b23-a8ba-3e54c6d24ef2",
    "data": [
      {
        "text": "ok",
        "userDefined": false
      }
    ],
    "isTemplate": false,
    "count": 0,
    "updated": 1542307693
  },
  {
    "id": "cd7ca713-4833-4e4a-9515-2390aab925c5",
    "data": [
      {
        "text": "confirmer",
        "userDefined": false
      }
    ],
    "isTemplate": false,
    "count": 0,
    "updated": 1542307693
  },
  {
    "id": "3588945d-b260-496e-a2b9-d619dbb15008",
    "data": [
      {
        "text": "exactement",
        "userDefined": false
      }
    ],
    "isTemplate": false,
    "count": 1,
    "updated": 1542307693
  },
  {
    "id": "2b619f72-d8ca-46ef-bc14-d0361a7f5951",
    "data": [
      {
        "text": "fais-le",
        "userDefined": false
      }
    ],
    "isTemplate": false,
    "count": 2,
    "updated": 1542307693
  },
  {
    "id": "cbf181e5-f1cc-40ba-8dad-2c40e3bc1111",
    "data": [
      {
        "text": "bien sûr",
        "userDefined": false
      }
    ],
    "isTemplate": false,
    "count": 1,
    "updated": 1542307693
  },
  {
    "id": "223a2ad2-9c90-4009-bc0b-42569a421f3e",
    "data": [
      {
        "text": "d\u0027accord",
        "userDefined": false
      }
    ],
    "isTemplate": false,
    "count": 2,
    "updated": 1542307693
  },
  {
    "id": "52db7fcc-2558-4ab2-8a98-1d6db4d9ef73",
    "data": [
      {
        "text": "c\u0027est correct",
        "userDefined": false
      }
    ],
    "isTemplate": false,
    "count": 0,
    "updated": 1542307693
  },
  {
    "id": "76aa1d96-3047-4dd4-b396-5474e6adcdb2",
    "data": [
      {
        "text": "je suis d\u0027accord",
        "userDefined": false
      }
    ],
    "isTemplate": false,
    "count": 0,
    "updated": 1542307693
  },
  {
    "id": "ab59affb-beb6-4aae-82f0-2ab9d45c08f1",
    "data": [
      {
        "text": "ça me va",
        "userDefined": false
      }
    ],
    "isTemplate": false,
    "count": 1,
    "updated": 1542307693
  },
  {
    "id": "fc79da44-a08a-4451-a373-29950d05a048",
    "data": [
      {
        "text": "oui",
        "userDefined": false
      }
    ],
    "isTemplate": false,
    "count": 1,
    "updated": 1539802255
  }
]