[
  {
    "id": "61187774-e08a-4af1-aa3c-6e63bac692cc",
    "data": [
      {
        "text": "can you search for ",
        "userDefined": false
      },
      {
        "text": "lettuce",
        "alias": "SearchTerm",
        "meta": "@sys.any",
        "userDefined": false
      }
    ],
    "isTemplate": false,
    "count": 0,
    "updated": 0
  },
  {
    "id": "b330d568-d6fe-4760-9a04-adee3fb2b5a7",
    "data": [
      {
        "text": "specific please",
        "userDefined": false
      }
    ],
    "isTemplate": false,
    "count": 0,
    "updated": 1539889071
  },
  {
    "id": "f3c47348-ce75-4b19-83f1-2bae7fa37316",
    "data": [
      {
        "text": "specific recall",
        "userDefined": false
      }
    ],
    "isTemplate": false,
    "count": 0,
    "updated": 1539889071
  },
  {
    "id": "cce5a8d6-954a-436c-a43c-0dca8346f97c",
    "data": [
      {
        "text": "searching",
        "userDefined": false
      }
    ],
    "isTemplate": false,
    "count": 0,
    "updated": 1539889071
  },
  {
    "id": "2695103c-9b29-4a63-b7e6-4e541065b9e5",
    "data": [
      {
        "text": "search recalls",
        "userDefined": false
      }
    ],
    "isTemplate": false,
    "count": 0,
    "updated": 1539884409
  },
  {
    "id": "df2ba198-b701-4488-a2d2-04320a4f4d36",
    "data": [
      {
        "text": "Can I search for a Recall?",
        "userDefined": false
      }
    ],
    "isTemplate": false,
    "count": 0,
    "updated": 1539808914
  },
  {
    "id": "abd2a7f0-49db-4c67-a558-635493ae45cd",
    "data": [
      {
        "text": "Search for ",
        "userDefined": false
      },
      {
        "text": "hamburger",
        "alias": "SearchTerm",
        "meta": "@sys.any",
        "userDefined": true
      }
    ],
    "isTemplate": false,
    "count": 0,
    "updated": 1539805662
  },
  {
    "id": "e33b6f10-a002-4014-91e6-7aa877f93d52",
    "data": [
      {
        "text": "Let me search for a recall",
        "userDefined": false
      }
    ],
    "isTemplate": false,
    "count": 0,
    "updated": 1539805662
  }
]