[
  {
    "id": "7a26dee1-4694-4c8d-a1cb-c3ab97531c3f",
    "data": [
      {
        "text": "précédent",
        "userDefined": false
      }
    ],
    "isTemplate": false,
    "count": 2,
    "updated": 1539284847
  },
  {
    "id": "de5722a5-bd82-4558-b9ea-70b6a03a5faf",
    "data": [
      {
        "text": "résultats précédents",
        "userDefined": false
      }
    ],
    "isTemplate": false,
    "count": 1,
    "updated": 1539284847
  },
  {
    "id": "f0feca7c-2c9c-4a02-a88b-2e940e8572ca",
    "data": [
      {
        "text": "va à la page précédente",
        "userDefined": false
      }
    ],
    "isTemplate": false,
    "count": 0,
    "updated": 1539284847
  },
  {
    "id": "758a08a4-ed70-40d3-8ead-f13cb7849a4e",
    "data": [
      {
        "text": "lis-moi les résultats précédents",
        "userDefined": false
      }
    ],
    "isTemplate": false,
    "count": 0,
    "updated": 1539284847
  },
  {
    "id": "f7b6b12d-ca68-4725-af62-8135c3480caf",
    "data": [
      {
        "text": "page précédente",
        "userDefined": false
      }
    ],
    "isTemplate": false,
    "count": 1,
    "updated": 1539284847
  },
  {
    "id": "9d958eaf-617f-42ce-8815-de24a71f76cf",
    "data": [
      {
        "text": "retour",
        "userDefined": false
      }
    ],
    "isTemplate": false,
    "count": 1,
    "updated": 1539284847
  },
  {
    "id": "1ddded5f-fc38-45b0-8fd8-bc392ca985b1",
    "data": [
      {
        "text": "reviens aux résultats précédents",
        "userDefined": false
      }
    ],
    "isTemplate": false,
    "count": 0,
    "updated": 1539284847
  },
  {
    "id": "4d6da52e-6240-40f7-a2d3-1bd74274f031",
    "data": [
      {
        "text": "revenir en arrière",
        "userDefined": false
      }
    ],
    "isTemplate": false,
    "count": 0,
    "updated": 1539284847
  },
  {
    "id": "4196933a-f839-4487-9645-e18e12a53897",
    "data": [
      {
        "text": "reviens à la page précédente",
        "userDefined": false
      }
    ],
    "isTemplate": false,
    "count": 0,
    "updated": 1539284847
  },
  {
    "id": "05b3cd82-2bd1-4b77-b65b-50145f00c6f0",
    "data": [
      {
        "text": "reviens en arrière",
        "userDefined": false
      }
    ],
    "isTemplate": false,
    "count": 1,
    "updated": 1539284847
  }
]