[
  {
    "id": "ad02ff93-9c45-4548-adba-ed0a06914d04",
    "data": [
      {
        "text": "Every single one",
        "userDefined": false
      }
    ],
    "isTemplate": false,
    "count": 0,
    "updated": 1539884004
  },
  {
    "id": "d7a6d247-c322-4038-a5f0-cea39eb1db66",
    "data": [
      {
        "text": "Most recent recalls",
        "userDefined": false
      }
    ],
    "isTemplate": false,
    "count": 0,
    "updated": 1539884004
  },
  {
    "id": "cfa39be8-962c-4d01-9b88-04cd8a3f008f",
    "data": [
      {
        "text": "All Recalls",
        "userDefined": false
      }
    ],
    "isTemplate": false,
    "count": 0,
    "updated": 1539803737
  },
  {
    "id": "4519efd6-e021-4abf-b255-497a3722b862",
    "data": [
      {
        "text": "Recent Recalls",
        "userDefined": false
      }
    ],
    "isTemplate": false,
    "count": 0,
    "updated": 1539803737
  },
  {
    "id": "a9b90dea-ffbb-4656-9d6e-61f670abdf2c",
    "data": [
      {
        "text": "Latest Recall",
        "userDefined": false
      }
    ],
    "isTemplate": false,
    "count": 0,
    "updated": 1539803737
  },
  {
    "id": "c845b6d3-4acf-4898-9dec-ae08a405c3a3",
    "data": [
      {
        "text": "Recent",
        "userDefined": false
      }
    ],
    "isTemplate": false,
    "count": 0,
    "updated": 1539268429
  },
  {
    "id": "98417f22-caa2-4d2d-958f-b8e0111b7f91",
    "data": [
      {
        "text": "All",
        "userDefined": false
      }
    ],
    "isTemplate": false,
    "count": 0,
    "updated": 1539269183
  },
  {
    "id": "8950242f-06ca-428b-bd0e-621fb5e92e64",
    "data": [
      {
        "text": "First",
        "meta": "@sys.ignore",
        "userDefined": false
      }
    ],
    "isTemplate": false,
    "count": 0,
    "updated": 1539269183
  },
  {
    "id": "7c8e3ba8-94f6-41c0-9c6d-c475f23786f5",
    "data": [
      {
        "text": "Latest",
        "userDefined": false
      }
    ],
    "isTemplate": false,
    "count": 0,
    "updated": 1539269183
  },
  {
    "id": "69de0166-9426-4ee9-8da9-a9e8ca3a187b",
    "data": [
      {
        "text": "Let me hear the latest",
        "userDefined": false
      }
    ],
    "isTemplate": false,
    "count": 0,
    "updated": 1539269183
  }
]