[
  {
    "id": "f181f763-a130-46cb-b66b-7cab5bc9936d",
    "data": [
      {
        "text": "confirmer",
        "userDefined": false
      }
    ],
    "isTemplate": false,
    "count": 0,
    "updated": 1539289003
  },
  {
    "id": "e81651da-990b-4e8c-a401-76ce65aa3b3a",
    "data": [
      {
        "text": "c\u0027est correct",
        "userDefined": false
      }
    ],
    "isTemplate": false,
    "count": 0,
    "updated": 1539289003
  },
  {
    "id": "832ce46e-48cf-44b0-bad3-18478f1b8b4f",
    "data": [
      {
        "text": "bien sûr",
        "userDefined": false
      }
    ],
    "isTemplate": false,
    "count": 1,
    "updated": 1539289003
  },
  {
    "id": "257799ba-64a9-49f5-a450-1b25b91d825b",
    "data": [
      {
        "text": "je suis d\u0027accord",
        "userDefined": false
      }
    ],
    "isTemplate": false,
    "count": 0,
    "updated": 1539289003
  },
  {
    "id": "28f72c79-c169-49fb-81e6-f9aa6fc93ce8",
    "data": [
      {
        "text": "exactement",
        "userDefined": false
      }
    ],
    "isTemplate": false,
    "count": 1,
    "updated": 1539289003
  },
  {
    "id": "9562ffee-1193-493c-b6f5-749eac9710f2",
    "data": [
      {
        "text": "d\u0027accord",
        "userDefined": false
      }
    ],
    "isTemplate": false,
    "count": 2,
    "updated": 1539289003
  },
  {
    "id": "5800a94e-70a5-4772-acdf-000f2cc3e205",
    "data": [
      {
        "text": "fais-le",
        "userDefined": false
      }
    ],
    "isTemplate": false,
    "count": 2,
    "updated": 1539289003
  },
  {
    "id": "e1aa0996-0c1a-4df5-a68b-d7e66d1b2d2a",
    "data": [
      {
        "text": "ça me va",
        "userDefined": false
      }
    ],
    "isTemplate": false,
    "count": 1,
    "updated": 1539289003
  },
  {
    "id": "58a2eac5-268c-45ef-bef3-ca3005671480",
    "data": [
      {
        "text": "oui",
        "userDefined": false
      }
    ],
    "isTemplate": false,
    "count": 1,
    "updated": 1539289003
  }
]