[
  {
    "id": "ec902e3c-bd31-43bf-a89d-3ea23e61ea17",
    "data": [
      {
        "text": "répète, s\u0027il te plaît",
        "userDefined": false
      }
    ],
    "isTemplate": false,
    "count": 1,
    "updated": 1542140841
  },
  {
    "id": "298ebb8c-2927-495a-a146-eea3dcd62646",
    "data": [
      {
        "text": "est-ce que tu peux répéter",
        "userDefined": false
      }
    ],
    "isTemplate": false,
    "count": 2,
    "updated": 1542140841
  },
  {
    "id": "286b01ea-b45f-4a1a-9b54-db3753f9f748",
    "data": [
      {
        "text": "répète ce que tu viens de dire",
        "userDefined": false
      }
    ],
    "isTemplate": false,
    "count": 0,
    "updated": 1542140841
  },
  {
    "id": "d5f2e591-f9fc-438b-9683-7f86212ac9d7",
    "data": [
      {
        "text": "redis-moi",
        "userDefined": false
      }
    ],
    "isTemplate": false,
    "count": 2,
    "updated": 1542140841
  },
  {
    "id": "6ca1ff7c-2d5d-4dd7-946e-9d174c9432dd",
    "data": [
      {
        "text": "répète ça",
        "userDefined": false
      }
    ],
    "isTemplate": false,
    "count": 1,
    "updated": 1542140841
  },
  {
    "id": "16badfa3-8658-4803-ba67-7c033667f565",
    "data": [
      {
        "text": "recommence",
        "userDefined": false
      }
    ],
    "isTemplate": false,
    "count": 0,
    "updated": 1542140841
  },
  {
    "id": "dbc53863-f5a4-4ce4-9da1-03dc0e578736",
    "data": [
      {
        "text": "peux-tu répéter",
        "userDefined": false
      }
    ],
    "isTemplate": false,
    "count": 0,
    "updated": 1542140841
  },
  {
    "id": "21f0634d-d4cd-4dbd-993c-c2b1d47a711b",
    "data": [
      {
        "text": "redis-le moi",
        "userDefined": false
      }
    ],
    "isTemplate": false,
    "count": 0,
    "updated": 1542140841
  },
  {
    "id": "4f47ca58-00f6-4df5-896c-07c8d331e5ee",
    "data": [
      {
        "text": "répète",
        "userDefined": false
      }
    ],
    "isTemplate": false,
    "count": 1,
    "updated": 1542140841
  },
  {
    "id": "db796673-eddd-4fad-b1f6-cc72ac16ff35",
    "data": [
      {
        "text": "répète la même chose",
        "userDefined": false
      }
    ],
    "isTemplate": false,
    "count": 0,
    "updated": 1542140841
  }
]