[
  {
    "id": "17473196-d8a6-4a46-afcc-a732bdd37b03",
    "data": [
      {
        "text": "thanks but no",
        "userDefined": false
      }
    ],
    "isTemplate": false,
    "count": 0,
    "updated": 1531859391
  },
  {
    "id": "4ded499a-a994-40b6-adcd-53c18aff15eb",
    "data": [
      {
        "text": "no no don\u0027t",
        "userDefined": false
      }
    ],
    "isTemplate": false,
    "count": 0,
    "updated": 1531859391
  },
  {
    "id": "6a6833d4-0d36-4a2b-980c-572546d987ef",
    "data": [
      {
        "text": "no way no",
        "userDefined": false
      }
    ],
    "isTemplate": false,
    "count": 0,
    "updated": 1531859391
  },
  {
    "id": "f830de7a-0d0e-4847-9862-a88fbe7e8ee1",
    "data": [
      {
        "text": "nothing",
        "userDefined": false
      }
    ],
    "isTemplate": false,
    "count": 0,
    "updated": 1531859391
  },
  {
    "id": "099c2f4b-830a-4f4f-89ee-b4cd28978fd3",
    "data": [
      {
        "text": "don\u0027t",
        "userDefined": false
      }
    ],
    "isTemplate": false,
    "count": 0,
    "updated": 1531859391
  },
  {
    "id": "92e8612b-076c-4a74-a453-9c03274c7688",
    "data": [
      {
        "text": "na",
        "userDefined": false
      }
    ],
    "isTemplate": false,
    "count": 0,
    "updated": 1531859391
  },
  {
    "id": "8dfd9787-b9c1-46db-9553-247cc0a32c99",
    "data": [
      {
        "text": "I can\u0027t",
        "userDefined": false
      }
    ],
    "isTemplate": false,
    "count": 0,
    "updated": 1531859391
  },
  {
    "id": "07f4019c-a795-40da-8201-8ed2b395ca19",
    "data": [
      {
        "text": "no maybe next time",
        "userDefined": false
      }
    ],
    "isTemplate": false,
    "count": 0,
    "updated": 1531859391
  },
  {
    "id": "f8bdf82e-1eb5-41ab-aaa5-7bbb0fda3bda",
    "data": [
      {
        "text": "not this time",
        "userDefined": false
      }
    ],
    "isTemplate": false,
    "count": 0,
    "updated": 1531859391
  },
  {
    "id": "08c9c31c-b0a1-4673-8866-1ec44a036d1c",
    "data": [
      {
        "text": "nothing else",
        "userDefined": false
      }
    ],
    "isTemplate": false,
    "count": 1,
    "updated": 1531859391
  },
  {
    "id": "53b251ce-1416-40d2-9f17-6486fa5ec9f5",
    "data": [
      {
        "text": "never",
        "userDefined": false
      }
    ],
    "isTemplate": false,
    "count": 0,
    "updated": 1539893958
  },
  {
    "id": "bbb8fdb5-de8f-47c4-acb1-3c6b7ad07284",
    "data": [
      {
        "text": "thanks but not this time",
        "userDefined": false
      }
    ],
    "isTemplate": false,
    "count": 1,
    "updated": 1539893958
  },
  {
    "id": "89607b16-61e6-4ec5-95e1-da338a1c88fb",
    "data": [
      {
        "text": "no we are good",
        "userDefined": false
      }
    ],
    "isTemplate": false,
    "count": 0,
    "updated": 1539893958
  },
  {
    "id": "5227033a-dc3a-4e93-96a8-fe7cd9e6898f",
    "data": [
      {
        "text": "definitely not",
        "userDefined": false
      }
    ],
    "isTemplate": false,
    "count": 3,
    "updated": 1539893958
  },
  {
    "id": "69ce8123-30fc-498c-9eeb-9f9ee9584d92",
    "data": [
      {
        "text": "no it isn\u0027t",
        "userDefined": false
      }
    ],
    "isTemplate": false,
    "count": 1,
    "updated": 1539893958
  },
  {
    "id": "31b1589f-cef7-4263-af60-9bf942d29d11",
    "data": [
      {
        "text": "no not really",
        "userDefined": false
      }
    ],
    "isTemplate": false,
    "count": 0,
    "updated": 1539893958
  },
  {
    "id": "1dbf7ac3-b705-43b7-ba65-60c8d7f61129",
    "data": [
      {
        "text": "not right now",
        "userDefined": false
      }
    ],
    "isTemplate": false,
    "count": 0,
    "updated": 1539893958
  },
  {
    "id": "2f111fde-b51e-4aba-92ae-792866890005",
    "data": [
      {
        "text": "I don\u0027t",
        "userDefined": false
      }
    ],
    "isTemplate": false,
    "count": 0,
    "updated": 1539893958
  },
  {
    "id": "4896634e-856a-4622-b34d-0592280b61dc",
    "data": [
      {
        "text": "not ",
        "userDefined": false
      },
      {
        "text": "today",
        "meta": "@sys.ignore",
        "userDefined": false
      }
    ],
    "isTemplate": false,
    "count": 0,
    "updated": 1539893958
  },
  {
    "id": "43750b25-a825-4b9c-86d6-9ea462dddc58",
    "data": [
      {
        "text": "nah I\u0027m good",
        "userDefined": false
      }
    ],
    "isTemplate": false,
    "count": 1,
    "updated": 1539893958
  },
  {
    "id": "0ebeca19-ec2c-44ad-95a9-3f0810550e59",
    "data": [
      {
        "text": "no way",
        "userDefined": false
      }
    ],
    "isTemplate": false,
    "count": 0,
    "updated": 1539893958
  },
  {
    "id": "442f5910-085f-4b1e-adb1-6b9eae408e9a",
    "data": [
      {
        "text": "nope",
        "userDefined": false
      }
    ],
    "isTemplate": false,
    "count": 1,
    "updated": 1539893958
  },
  {
    "id": "f892acfe-d1a4-4e36-8665-c339dd38f3b9",
    "data": [
      {
        "text": "no never",
        "userDefined": false
      }
    ],
    "isTemplate": false,
    "count": 0,
    "updated": 1539893958
  },
  {
    "id": "b0af7cfa-48e1-4b5d-b5a9-29bc7d1d13f3",
    "data": [
      {
        "text": "no don\u0027t",
        "userDefined": false
      }
    ],
    "isTemplate": false,
    "count": 0,
    "updated": 1539893958
  },
  {
    "id": "c69216c3-6531-4a3d-b17c-2cbdc21de579",
    "data": [
      {
        "text": "no that\u0027s okay",
        "userDefined": false
      }
    ],
    "isTemplate": false,
    "count": 0,
    "updated": 1539893958
  },
  {
    "id": "f3298d55-5243-42aa-a468-6f25f4961692",
    "data": [
      {
        "text": "no",
        "userDefined": false
      }
    ],
    "isTemplate": false,
    "count": 2,
    "updated": 1539893958
  },
  {
    "id": "a40f6444-72d3-4c57-952d-04b60c4d357a",
    "data": [
      {
        "text": "no I cannot",
        "userDefined": false
      }
    ],
    "isTemplate": false,
    "count": 1,
    "updated": 1539893958
  },
  {
    "id": "bd42e9a2-54d7-453f-9a5b-105282a57937",
    "data": [
      {
        "text": "not",
        "userDefined": false
      }
    ],
    "isTemplate": false,
    "count": 0,
    "updated": 1539893958
  },
  {
    "id": "a65fdb5d-d00e-4853-903b-2e6e85a61652",
    "data": [
      {
        "text": "nah",
        "userDefined": false
      }
    ],
    "isTemplate": false,
    "count": 2,
    "updated": 1539893958
  },
  {
    "id": "c3fcf28c-0af8-48a9-9eb1-543af3937fd9",
    "data": [
      {
        "text": "not interested",
        "userDefined": false
      }
    ],
    "isTemplate": false,
    "count": 0,
    "updated": 1539893958
  },
  {
    "id": "a8b41fa1-68b4-479d-b9c3-f94012240db6",
    "data": [
      {
        "text": "I don\u0027t think so",
        "userDefined": false
      }
    ],
    "isTemplate": false,
    "count": 1,
    "updated": 1539893958
  },
  {
    "id": "a003ff3d-2894-4925-85c1-f155e8bc292d",
    "data": [
      {
        "text": "no that\u0027s be all",
        "userDefined": false
      }
    ],
    "isTemplate": false,
    "count": 0,
    "updated": 1539893958
  },
  {
    "id": "bae61cb0-b55f-4d2e-adda-1b5998b1fcc2",
    "data": [
      {
        "text": "nope not really",
        "userDefined": false
      }
    ],
    "isTemplate": false,
    "count": 0,
    "updated": 1539893958
  },
  {
    "id": "d391d090-ed9f-48c6-b8a9-adcb15326105",
    "data": [
      {
        "text": "I disagree",
        "userDefined": false
      }
    ],
    "isTemplate": false,
    "count": 2,
    "updated": 1539893958
  },
  {
    "id": "a2198271-7b09-4b40-b27e-b8bdd893afa8",
    "data": [
      {
        "text": "not at all",
        "userDefined": false
      }
    ],
    "isTemplate": false,
    "count": 0,
    "updated": 1539893958
  },
  {
    "id": "6cba6378-be64-428e-ae68-2831a7368478",
    "data": [
      {
        "text": "don\u0027t do it",
        "userDefined": false
      }
    ],
    "isTemplate": false,
    "count": 3,
    "updated": 1539893958
  },
  {
    "id": "4a983a3c-43ce-4b9e-8866-5d84df9eb085",
    "data": [
      {
        "text": "nothing else thanks",
        "userDefined": false
      }
    ],
    "isTemplate": false,
    "count": 0,
    "updated": 1539893958
  },
  {
    "id": "f1b556a8-4cbd-4a83-beac-63c5e174f585",
    "data": [
      {
        "text": "no that\u0027s ok",
        "userDefined": false
      }
    ],
    "isTemplate": false,
    "count": 1,
    "updated": 1539893958
  },
  {
    "id": "7932abe4-935a-4205-acff-2d8377912e5e",
    "data": [
      {
        "text": "I\u0027m not",
        "userDefined": false
      }
    ],
    "isTemplate": false,
    "count": 3,
    "updated": 1539893958
  },
  {
    "id": "d80fe8c4-fbfa-463f-b399-aa88ae161682",
    "data": [
      {
        "text": "not really",
        "userDefined": false
      }
    ],
    "isTemplate": false,
    "count": 0,
    "updated": 1539893958
  },
  {
    "id": "17ac0581-d44d-477c-a38c-905156c302cc",
    "data": [
      {
        "text": "no thanks",
        "userDefined": false
      }
    ],
    "isTemplate": false,
    "count": 0,
    "updated": 1539893958
  },
  {
    "id": "d23f1d90-6b62-430d-ae0f-e1f2d8dcd7f8",
    "data": [
      {
        "text": "I don\u0027t want that",
        "userDefined": false
      }
    ],
    "isTemplate": false,
    "count": 0,
    "updated": 1539893958
  },
  {
    "id": "64d7ed13-1327-423d-ab83-3775f794ab24",
    "data": [
      {
        "text": "I don\u0027t want",
        "userDefined": false
      }
    ],
    "isTemplate": false,
    "count": 0,
    "updated": 1539893958
  },
  {
    "id": "800f6171-7a5d-4220-8fa9-4170515966d1",
    "data": [
      {
        "text": "no that\u0027s fine thank you",
        "userDefined": false
      }
    ],
    "isTemplate": false,
    "count": 0,
    "updated": 1539893958
  }
]