[
  {
    "id": "582c60a9-d9d9-4f2c-b2d3-e83059ff0f59",
    "data": [
      {
        "text": "confirmer",
        "userDefined": false
      }
    ],
    "isTemplate": false,
    "count": 0,
    "updated": 1539802255
  },
  {
    "id": "87a5de8a-7f47-419a-a522-8dcf97d024ac",
    "data": [
      {
        "text": "exactement",
        "userDefined": false
      }
    ],
    "isTemplate": false,
    "count": 1,
    "updated": 1539802255
  },
  {
    "id": "7dd3f44a-0078-4730-a8ae-a15e59ce6f4a",
    "data": [
      {
        "text": "fais-le",
        "userDefined": false
      }
    ],
    "isTemplate": false,
    "count": 2,
    "updated": 1539802255
  },
  {
    "id": "bfcc91ee-583c-4bf9-b9f8-73c852ff41cc",
    "data": [
      {
        "text": "bien sûr",
        "userDefined": false
      }
    ],
    "isTemplate": false,
    "count": 1,
    "updated": 1539802255
  },
  {
    "id": "d348605c-e729-4b98-bf41-0f64c114e187",
    "data": [
      {
        "text": "d\u0027accord",
        "userDefined": false
      }
    ],
    "isTemplate": false,
    "count": 2,
    "updated": 1539802255
  },
  {
    "id": "77755deb-cc83-46c1-9776-ec7e6a394b7a",
    "data": [
      {
        "text": "c\u0027est correct",
        "userDefined": false
      }
    ],
    "isTemplate": false,
    "count": 0,
    "updated": 1539802255
  },
  {
    "id": "903b2f7d-b1cd-48e1-a144-e0faa3a1e9de",
    "data": [
      {
        "text": "je suis d\u0027accord",
        "userDefined": false
      }
    ],
    "isTemplate": false,
    "count": 0,
    "updated": 1539802255
  },
  {
    "id": "1ca69b8d-4181-4f27-9de1-7cd5af8eebca",
    "data": [
      {
        "text": "ça me va",
        "userDefined": false
      }
    ],
    "isTemplate": false,
    "count": 1,
    "updated": 1539802255
  },
  {
    "id": "3e69aabd-0e90-4d98-b4c3-90199338e172",
    "data": [
      {
        "text": "oui",
        "userDefined": false
      }
    ],
    "isTemplate": false,
    "count": 1,
    "updated": 1539802255
  }
]